size_sqft,bedrooms,bathrooms,age_years,location_score,distance_to_city_km,garage,price
2123.0,2,1.0,15.7,2.29,5.04,1,353522.0
1710.0,2,1.0,1.2,2.36,7.45,0,271201.0
2221.0,4,2.0,7.1,4.89,4.47,1,467113.0
2790.0,4,3.0,24.4,6.36,0.5,1,488056.0
1648.0,1,1.0,8.5,1.73,12.24,1,271921.0
1648.0,5,4.0,88.1,9.46,0.5,1,380076.0
2826.0,2,2.0,12.3,7.8,11.48,1,535236.0
2299.0,3,2.0,5.8,6.28,17.9,1,430799.0
1495.0,4,4.0,,8.46,4.54,1,397572.0
2153.0,5,3.0,6.5,1.72,6.14,1,409229.0
1499.0,4,2.0,7.0,5.29,5.19,1,351546.0
1497.0,4,3.0,1.1,6.67,3.94,1,394278.0
1957.0,3,2.0,6.9,8.46,17.47,1,406088.0
556.0,4,3.0,9.4,8.05,17.95,1,232256.0
679.0,2,2.0,19.2,3.49,3.27,1,207068.0
1435.0,5,5.0,16.0,9.47,7.64,1,412401.0
1142.0,3,2.0,18.5,2.12,20.93,1,242230.0
2004.0,4,3.0,0.1,8.88,26.17,0,437173.0
1210.0,3,3.0,3.7,9.74,5.69,0,376341.0
882.0,4,2.0,16.3,2.59,4.82,1,190629.0
2753.0,3,2.0,9.9,7.5,2.61,1,574920.0
1653.0,4,3.0,0.1,1.36,25.53,1,291040.0
1844.0,2,1.0,24.5,4.65,1.23,1,373270.0
874.0,2,1.0,22.2,5.65,6.94,0,218004.0
1446.0,2,2.0,11.9,6.23,2.66,1,350283.0
1872.0,2,2.0,1.0,9.42,2.62,1,415673.0
1052.0,5,4.0,21.8,7.05,4.15,1,345203.0
2044.0,2,1.0,13.1,5.33,53.76,1,324982.0
1410.0,6,5.0,22.8,8.29,0.5,0,402878.0
1610.0,3,3.0,20.9,9.55,6.91,0,422185.0
1409.0,2,2.0,24.4,1.2,0.69,1,226784.0
3004.0,4,2.0,10.9,9.84,1.34,1,584826.0
1791.0,4,3.0,2.3,1.78,4.63,1,353089.0
1112.0,3,2.0,16.7,8.33,5.71,0,378030.0
2335.0,3,2.0,14.5,3.52,2.4,0,401957.0
1006.0,4,2.0,20.3,2.19,3.04,1,254542.0
1936.0,2,2.0,2.8,4.96,0.73,1,387448.0
526.0,6,,3.3,6.8,2.89,1,341216.0
937.0,6,3.0,,4.43,27.18,0,195630.0
1928.0,4,3.0,20.8,1.49,23.16,1,322818.0
2280.0,2,1.0,35.8,6.4,3.26,0,374478.0
1911.0,4,3.0,21.3,9.12,6.77,0,379610.0
1725.0,2,1.0,13.6,4.45,19.23,1,330894.0
1604.0,1,1.0,15.9,2.95,0.5,0,293051.0
839.0,3,3.0,33.0,4.98,13.31,0,221530.0
1332.0,3,2.0,13.0,1.44,23.71,1,236493.0
1501.0,5,3.0,15.0,8.38,0.77,1,488367.0
2487.0,4,3.0,2.6,8.44,1.41,1,522335.0
2023.0,4,4.0,9.6,6.29,25.9,1,425073.0
654.0,3,3.0,18.9,4.18,6.17,0,195173.0
2011.0,3,3.0,4.7,8.2,0.5,0,457186.0
1550.0,3,2.0,3.4,5.99,2.38,1,358997.0
1360.0,6,5.0,5.6,8.43,4.78,1,403310.0
2198.0,1,1.0,4.1,6.68,9.44,1,468609.0
2470.0,5,4.0,3.6,8.06,10.57,0,541882.0
2405.0,3,3.0,8.3,6.39,43.09,1,430177.0
1255.0,3,2.0,35.8,4.73,2.71,0,223133.0
1599.0,4,4.0,10.6,9.62,6.18,1,425395.0
2015.0,3,3.0,,5.87,6.1,1,487275.0
2434.0,5,3.0,1.2,6.45,4.16,1,492298.0
1489.0,5,5.0,17.9,2.98,1.48,1,363470.0
1679.0,3,2.0,7.2,6.63,30.34,1,390281.0
1081.0,3,2.0,25.9,6.14,15.36,1,287395.0
1022.0,3,2.0,16.2,2.66,5.52,1,219285.0
2328.0,5,3.0,23.9,1.54,7.4,0,323346.0
2682.0,2,1.0,4.8,6.44,2.06,1,511148.0
1753.0,4,3.0,17.7,7.87,6.28,0,386969.0
2452.0,4,3.0,4.6,5.71,9.5,1,477181.0
2035.0,4,3.0,42.0,3.04,5.79,1,333444.0
1381.0,2,1.0,15.2,7.0,37.07,1,291438.0
2035.0,4,2.0,5.9,1.72,7.56,1,360243.0
2800.0,5,4.0,4.7,4.98,3.71,0,520052.0
1777.0,2,1.0,3.2,2.47,11.83,1,287284.0
2817.0,2,2.0,17.8,2.66,1.5,1,481396.0
400.0,6,5.0,3.7,2.82,3.88,1,201507.0
2334.0,2,2.0,13.6,4.48,3.41,1,379220.0
1857.0,5,4.0,4.6,1.46,4.52,1,353776.0
1606.0,3,2.0,16.3,4.58,12.18,1,331864.0
1860.0,2,2.0,25.3,5.61,5.3,0,365714.0
508.0,5,3.0,22.6,5.35,12.64,0,251553.0
1657.0,3,2.0,21.5,4.45,6.87,1,332506.0
2032.0,3,,3.1,8.55,3.35,1,462259.0
2761.0,3,2.0,1.4,2.31,13.28,1,415540.0
1463.0,3,3.0,18.0,5.55,2.18,1,364941.0
1274.0,2,2.0,6.9,1.56,2.03,1,260347.0
1474.0,3,3.0,8.5,1.64,5.62,1,278131.0
2395.0,6,5.0,0.5,6.16,2.42,0,452070.0
2014.0,3,2.0,4.5,6.09,0.5,0,449861.0
1456.0,4,3.0,0.5,8.9,8.36,1,374181.0
2134.0,3,2.0,31.7,6.02,5.72,1,399675.0
1863.0,4,3.0,4.2,9.64,4.72,1,475931.0
2430.0,2,,12.2,1.44,27.28,1,329141.0
1344.0,6,5.0,0.6,1.88,6.77,0,266646.0
1587.0,3,3.0,16.5,1.4,15.93,1,228287.0
1545.0,2,1.0,5.9,2.67,1.2,0,309500.0
849.0,2,1.0,34.2,5.87,6.74,1,228665.0
1992.0,2,1.0,32.9,6.81,16.2,1,456280.0
1970.0,3,2.0,5.9,1.41,7.0,1,314717.0
1803.0,3,3.0,34.7,9.51,10.13,1,402106.0
1648.0,4,3.0,83.4,8.58,3.72,0,354738.0
880.0,3,2.0,26.2,3.67,0.78,1,244083.0
1527.0,2,1.0,28.0,1.69,4.9,1,255205.0
1577.0,4,3.0,4.3,2.53,4.01,1,342118.0
1279.0,4,3.0,12.9,2.14,16.14,1,240987.0
1695.0,2,1.0,1.0,2.11,2.24,1,278211.0
2063.0,2,1.0,1.5,5.67,27.23,1,334998.0
3026.0,1,1.0,100.0,3.21,25.39,0,328258.0
1913.0,4,3.0,5.9,4.22,2.28,1,380723.0
1967.0,4,3.0,20.7,9.91,3.42,0,457629.0
1752.0,3,2.0,24.6,7.16,18.07,1,359312.0
553.0,4,3.0,29.3,9.54,27.2,1,297326.0
1783.0,4,2.0,90.7,2.28,4.69,1,320855.0
1839.0,3,3.0,4.1,4.44,3.1,1,371713.0
3401.0,5,4.0,0.6,5.99,5.97,1,565634.0
1675.0,2,2.0,7.9,1.69,9.31,0,272249.0
1996.0,2,1.0,2.1,1.04,2.56,1,316769.0
1777.0,3,2.0,0.3,7.03,10.67,1,383366.0
1040.0,2,1.0,6.7,6.78,0.5,1,285423.0
2543.0,3,2.0,23.0,4.7,0.5,0,428879.0
2289.0,5,5.0,12.5,5.41,3.91,1,458886.0
2314.0,1,1.0,5.6,4.74,3.49,1,398334.0
1209.0,2,1.0,15.9,1.22,3.03,1,236315.0
2712.0,3,2.0,4.0,4.02,5.4,1,479843.0
889.0,5,3.0,0.2,2.59,3.09,1,233952.0
2181.0,3,2.0,21.7,1.89,1.71,1,400780.0
3224.0,3,2.0,14.7,9.61,2.96,1,588159.0
1156.0,1,1.0,21.6,6.39,29.48,0,208899.0
1432.0,2,1.0,0.6,7.56,4.24,0,360276.0
1865.0,6,4.0,27.2,3.84,4.71,1,366932.0
1473.0,6,5.0,14.5,4.54,6.87,0,358890.0
792.0,1,1.0,12.4,3.13,32.76,1,108173.0
1845.0,6,5.0,14.7,1.87,2.21,1,405777.0
1110.0,4,3.0,30.0,2.61,9.15,0,257155.0
2108.0,5,5.0,13.3,8.18,10.07,1,443052.0
1202.0,3,2.0,13.0,7.1,7.48,1,290982.0
2807.0,3,3.0,70.1,5.92,0.74,1,523567.0
1291.0,3,3.0,21.2,5.28,9.04,1,291041.0
1591.0,4,3.0,8.8,9.3,0.53,1,410662.0
2329.0,2,2.0,18.4,1.65,7.25,1,313858.0
1000.0,1,1.0,7.4,3.53,10.76,1,219750.0
1948.0,3,2.0,3.9,4.15,1.9,1,379677.0
2650.0,4,3.0,13.6,8.04,14.74,0,527605.0
755.0,2,2.0,39.5,9.93,0.5,0,256326.0
1920.0,4,2.0,39.7,3.17,14.85,1,300237.0
1969.0,6,5.0,6.3,8.87,4.93,0,493890.0
2308.0,2,2.0,11.3,8.48,1.96,0,496178.0
996.0,4,4.0,3.6,3.02,1.15,1,234049.0
942.0,3,3.0,81.5,4.59,24.51,0,219637.0
2139.0,5,4.0,59.5,4.69,0.6,1,411506.0
1993.0,2,1.0,15.7,9.8,1.78,1,482953.0
1963.0,4,3.0,24.5,2.63,3.42,1,361414.0
2025.0,4,2.0,18.8,8.19,7.75,1,384257.0
1358.0,5,3.0,13.5,4.01,6.3,0,308626.0
1951.0,4,3.0,0.8,7.58,1.07,1,479505.0
1990.0,3,2.0,9.1,4.78,2.74,1,373474.0
1336.0,4,4.0,16.8,6.21,2.18,1,342932.0
3013.0,5,4.0,17.0,8.49,1.92,1,592038.0
2108.0,3,2.0,7.0,8.24,4.24,1,388747.0
1026.0,1,1.0,42.6,8.8,9.74,1,332563.0
2227.0,5,3.0,2.7,1.54,1.96,0,368723.0
1166.0,4,3.0,10.4,7.23,3.65,1,357415.0
2312.0,4,3.0,17.6,2.26,3.97,1,400797.0
2553.0,2,1.0,17.9,4.74,29.99,0,433207.0
1267.0,4,3.0,15.7,5.94,24.75,1,319085.0
2426.0,3,3.0,4.8,4.62,12.88,0,425285.0
2068.0,4,4.0,2.5,5.68,2.21,1,418822.0
2334.0,2,2.0,15.2,9.97,0.56,1,525828.0
3033.0,4,3.0,13.7,2.22,3.05,0,435478.0
1640.0,6,5.0,3.0,7.08,2.48,1,447435.0
1310.0,1,1.0,18.3,4.56,5.64,0,243433.0
1222.0,6,4.0,9.1,2.2,12.03,1,318979.0
1270.0,3,2.0,16.5,2.43,15.63,0,248151.0
1750.0,5,4.0,27.2,9.54,14.91,1,455006.0
2022.0,4,3.0,2.8,8.92,3.57,1,479452.0
1980.0,3,2.0,0.3,9.16,9.3,1,413891.0
2338.0,4,4.0,22.7,9.92,3.0,1,502667.0
1808.0,5,5.0,14.1,2.87,0.5,1,392876.0
2745.0,3,3.0,18.0,4.2,9.67,1,473093.0
1628.0,3,2.0,27.3,7.02,0.5,1,407236.0
3568.0,4,4.0,24.4,5.35,4.21,1,610904.0
2207.0,4,2.0,48.6,4.77,3.2,1,381102.0
1243.0,4,4.0,11.5,4.22,9.46,0,276287.0
1104.0,4,2.0,10.1,6.34,11.63,1,312217.0
2114.0,3,3.0,7.7,6.18,2.9,0,369381.0
1655.0,4,3.0,2.5,2.45,13.35,1,366675.0
2264.0,2,2.0,12.8,5.25,2.78,1,436429.0
2108.0,3,3.0,4.9,5.98,4.73,1,463712.0
1753.0,1,1.0,38.1,6.13,10.39,0,290449.0
1250.0,3,2.0,13.1,2.89,9.45,0,289218.0
815.0,3,3.0,,7.68,34.97,1,317782.0
1510.0,3,,6.6,1.23,2.04,1,254157.0
2357.0,4,4.0,0.8,4.19,8.69,1,466084.0
1939.0,3,2.0,0.5,8.02,7.53,1,437734.0
990.0,3,2.0,8.3,6.08,19.73,1,236717.0
1913.0,2,1.0,1.3,3.35,1.36,1,370660.0
2050.0,3,2.0,14.0,7.25,11.15,0,437934.0
1225.0,2,2.0,,6.11,6.72,1,282410.0
1900.0,2,1.0,32.2,8.17,2.57,0,428245.0
1838.0,4,3.0,16.1,7.62,5.15,1,384240.0
1057.0,4,3.0,3.6,6.49,3.25,0,277810.0
2033.0,4,3.0,29.8,5.39,6.93,1,409024.0
2165.0,3,3.0,32.6,2.2,17.59,0,341701.0
2504.0,3,3.0,3.3,3.35,6.74,0,411786.0
2485.0,5,4.0,20.1,4.77,7.99,1,488390.0
905.0,3,3.0,5.1,6.39,5.85,0,296660.0
1190.0,3,3.0,24.3,5.62,0.5,0,322449.0
2135.0,1,1.0,88.4,3.59,2.12,1,324429.0
2134.0,3,3.0,0.5,1.06,5.42,0,369236.0
2135.0,3,2.0,34.1,5.47,2.97,0,386970.0
4304.0,3,2.0,14.6,3.57,1.6,1,704721.0
2171.0,3,3.0,54.4,7.61,5.61,1,414018.0
2538.0,3,2.0,,1.22,3.12,1,460068.0
2420.0,4,4.0,28.2,6.26,2.39,1,477451.0
2223.0,4,4.0,1.0,9.47,4.99,1,479953.0
1595.0,4,2.0,6.1,2.57,1.14,0,351108.0
2293.0,4,4.0,1.0,5.24,21.02,1,443171.0
1298.0,6,4.0,55.5,1.82,16.18,1,279597.0
1646.0,1,1.0,,6.63,9.84,1,373503.0
1485.0,2,2.0,28.7,5.95,0.9,1,343606.0
1853.0,1,1.0,41.7,4.67,11.96,0,301197.0
3305.0,4,2.0,1.3,5.69,13.2,1,591681.0
586.0,5,4.0,7.3,9.07,11.68,1,308010.0
2246.0,2,2.0,1.1,2.77,0.97,1,412350.0
752.0,5,4.0,3.6,1.2,8.26,0,152368.0
1493.0,2,2.0,3.9,8.75,14.38,0,378086.0
2508.0,5,3.0,9.5,6.19,6.89,0,468918.0
1842.0,3,2.0,4.7,9.02,8.32,1,478791.0
1099.0,2,1.0,1.6,6.37,4.91,0,307256.0
1335.0,3,,2.7,8.29,6.02,0,370703.0
2242.0,3,2.0,2.4,4.87,0.5,1,446138.0
1325.0,3,2.0,54.2,7.75,8.15,0,291988.0
1941.0,3,3.0,21.4,9.22,0.68,1,497093.0
1830.0,4,2.0,51.5,6.15,4.57,1,427183.0
1376.0,3,3.0,8.7,2.63,2.77,1,304866.0
3194.0,3,3.0,4.9,3.42,6.31,1,562771.0
2212.0,4,4.0,24.0,2.79,1.15,1,389251.0
484.0,4,3.0,5.9,3.22,9.41,1,178588.0
1921.0,3,2.0,5.3,3.76,12.68,0,353516.0
1370.0,3,3.0,4.0,6.0,1.43,0,350103.0
2354.0,2,2.0,2.1,6.29,0.88,0,440711.0
1285.0,2,2.0,4.4,4.84,1.26,1,322028.0
1725.0,4,2.0,6.6,6.54,16.77,1,390714.0
2128.0,2,2.0,16.8,1.73,6.01,1,325145.0
2363.0,3,3.0,1.0,1.79,5.04,1,415723.0
1020.0,4,3.0,3.5,2.55,0.9,0,275951.0
1583.0,2,2.0,24.8,5.66,8.39,1,340170.0
1491.0,3,3.0,2.4,2.93,16.2,1,329790.0
1375.0,3,2.0,6.3,3.55,14.09,0,251164.0
2948.0,6,3.0,30.0,4.6,7.87,1,530004.0
2063.0,3,2.0,2.5,8.31,0.63,0,424667.0
980.0,4,2.0,1.3,1.12,0.95,1,206749.0
2397.0,3,2.0,9.9,6.84,0.5,1,461922.0
3179.0,1,1.0,5.4,7.02,2.38,0,520176.0
2471.0,4,2.0,12.4,8.19,1.17,1,498793.0
812.0,6,4.0,24.4,9.39,2.41,1,343508.0
1485.0,4,2.0,2.2,1.18,3.89,1,312882.0
2623.0,4,4.0,13.0,2.38,22.92,1,419230.0
1340.0,5,5.0,10.6,8.98,7.54,0,355408.0
2088.0,2,1.0,2.3,5.13,14.41,1,418324.0
2304.0,2,2.0,14.7,6.08,9.91,1,412015.0
1197.0,4,3.0,4.8,6.97,0.95,1,349717.0
1761.0,3,2.0,10.0,7.11,10.65,0,394390.0
400.0,4,2.0,1.3,9.39,2.57,1,291914.0
1134.0,5,4.0,9.2,9.97,8.15,1,417718.0
1636.0,3,3.0,5.5,7.48,3.34,0,402200.0
989.0,2,2.0,25.9,3.58,48.5,1,163159.0
2861.0,4,2.0,0.9,8.92,2.45,0,620094.0
870.0,3,2.0,8.1,1.44,2.62,1,216929.0
1514.0,4,3.0,9.2,3.08,21.35,0,290048.0
1885.0,3,2.0,19.4,9.08,0.5,1,468224.0
2737.0,4,2.0,12.8,3.31,9.54,1,467103.0
867.0,2,1.0,16.5,2.99,10.34,1,217464.0
2556.0,4,4.0,22.5,2.24,14.48,1,483793.0
1807.0,3,3.0,29.7,8.73,29.33,1,386862.0
1162.0,3,2.0,5.7,5.5,29.71,1,268969.0
2100.0,2,2.0,11.6,7.07,0.54,0,429471.0
1929.0,4,3.0,27.5,3.15,13.8,0,369529.0
1410.0,5,4.0,68.3,7.82,8.31,1,317912.0
1845.0,2,1.0,33.0,7.84,8.34,0,331075.0
1550.0,2,2.0,7.0,3.81,1.1,1,308970.0
1874.0,1,,3.3,4.7,8.4,1,315411.0
2230.0,4,3.0,10.1,2.89,32.36,0,352456.0
2831.0,4,3.0,20.3,9.79,19.43,1,570615.0
995.0,3,2.0,10.2,6.81,4.63,1,281681.0
3186.0,2,1.0,9.9,9.41,0.5,1,562329.0
531.0,3,3.0,27.3,3.73,3.6,1,199715.0
1701.0,3,2.0,6.7,8.04,14.01,1,419434.0
2182.0,3,2.0,29.5,7.89,9.67,0,392617.0
1983.0,6,5.0,7.8,7.22,4.92,1,489193.0
1395.0,2,2.0,6.0,9.69,0.5,1,415043.0
1665.0,4,2.0,9.1,4.54,4.45,1,382958.0
1480.0,3,3.0,21.6,2.18,5.06,0,310641.0
1417.0,3,2.0,2.0,7.05,21.11,0,388216.0
2352.0,4,3.0,3.3,7.56,8.2,1,482019.0
2032.0,4,4.0,45.4,6.18,2.99,1,420409.0
1350.0,6,5.0,2.9,2.86,5.96,1,318573.0
2385.0,2,2.0,12.6,5.54,0.55,1,447115.0
2000.0,2,,13.0,3.81,28.77,1,379122.0
2328.0,4,2.0,10.1,4.85,3.57,1,410147.0
2209.0,3,3.0,15.5,6.81,5.2,0,419137.0
1261.0,3,2.0,3.9,7.71,3.51,0,378808.0
1436.0,2,1.0,12.1,3.09,9.18,0,296903.0
2286.0,2,1.0,7.0,4.65,8.68,1,401320.0
2197.0,5,3.0,16.3,3.42,10.05,1,429491.0
1786.0,2,2.0,2.3,2.79,2.5,1,346348.0
1876.0,3,2.0,12.7,8.05,3.03,1,466160.0
2630.0,2,2.0,3.1,9.18,1.07,1,538141.0
1415.0,3,2.0,4.9,4.33,8.53,1,341309.0
2156.0,2,1.0,3.7,7.76,0.5,1,519325.0
1669.0,3,2.0,3.0,9.07,7.28,0,424718.0
1659.0,2,1.0,26.2,8.62,16.3,0,365194.0
2514.0,4,3.0,5.0,2.65,17.72,1,442155.0
2337.0,2,2.0,39.3,9.61,4.77,1,472056.0
2329.0,3,2.0,52.6,4.39,4.92,1,461564.0
2649.0,5,5.0,12.7,4.05,0.64,1,499736.0
1814.0,4,2.0,2.3,1.56,8.89,1,324189.0
2243.0,3,2.0,7.0,5.38,13.77,0,392181.0
1598.0,3,3.0,24.0,1.98,2.24,0,320869.0
2011.0,3,2.0,6.9,3.24,4.38,0,386145.0
1715.0,4,2.0,1.4,3.85,14.6,1,334859.0
1863.0,6,4.0,12.2,8.28,16.77,0,452718.0
2187.0,4,3.0,28.0,8.88,2.23,1,445438.0
1268.0,3,,23.8,3.72,6.4,1,289655.0
3160.0,4,3.0,2.9,8.73,1.71,1,624664.0
1146.0,3,3.0,16.8,8.72,0.86,0,388855.0
1011.0,2,2.0,3.7,7.88,19.36,1,280772.0
2553.0,3,2.0,3.7,2.32,13.74,1,384473.0
2315.0,6,5.0,31.1,7.21,11.42,1,464207.0
2206.0,2,1.0,4.3,9.51,0.5,1,451660.0
2208.0,4,4.0,4.6,7.14,14.85,0,487002.0
1792.0,2,1.0,0.0,3.98,4.61,1,388990.0
1217.0,3,3.0,30.7,5.51,3.35,1,313166.0
1849.0,2,1.0,23.6,6.81,6.33,1,413869.0
1360.0,3,2.0,14.8,5.6,0.77,1,334654.0
2434.0,4,3.0,20.8,2.08,11.31,1,401822.0
1704.0,3,3.0,2.5,3.81,6.99,0,332464.0
1263.0,4,2.0,9.2,8.22,1.65,1,361675.0
1591.0,4,2.0,6.5,8.75,1.67,1,379632.0
2068.0,5,4.0,1.5,2.24,1.63,1,405509.0
1434.0,2,2.0,10.0,9.57,0.5,1,394001.0
1266.0,3,3.0,38.0,3.96,7.09,1,297569.0
1958.0,2,2.0,0.6,6.96,14.68,1,409776.0
1959.0,6,5.0,5.2,7.77,0.5,0,466835.0
1470.0,5,4.0,3.5,8.31,0.5,1,396598.0
1494.0,3,2.0,4.1,9.51,6.8,1,407127.0
1951.0,4,2.0,35.9,3.82,13.7,1,373848.0
859.0,3,3.0,9.5,8.73,3.16,1,294885.0
885.0,4,3.0,9.4,2.19,3.44,1,238401.0
1333.0,2,1.0,21.4,7.35,7.26,0,325393.0
1661.0,4,3.0,2.5,7.68,2.56,1,398979.0
2002.0,2,2.0,10.0,7.1,0.5,1,411435.0
2759.0,4,3.0,8.4,3.27,10.63,1,475089.0
2357.0,4,3.0,13.6,8.86,7.86,1,476813.0
1696.0,4,3.0,100.0,2.52,6.95,1,288723.0
1788.0,1,1.0,22.0,1.48,10.83,0,251174.0
1148.0,3,2.0,7.6,7.46,9.0,1,354870.0
1788.0,3,2.0,26.4,5.28,1.84,1,428159.0
1612.0,3,2.0,2.8,8.64,3.48,0,379737.0
2010.0,2,2.0,0.5,4.45,1.08,0,395713.0
1262.0,5,4.0,3.4,2.51,1.11,1,287631.0
2138.0,3,3.0,6.2,8.53,9.02,0,484882.0
2796.0,3,3.0,10.7,5.94,15.65,1,466815.0
1729.0,3,2.0,14.3,2.7,26.32,0,303899.0
2061.0,3,2.0,36.2,7.48,7.92,0,390526.0
2249.0,4,3.0,10.7,5.6,1.63,1,447286.0
1539.0,3,3.0,10.4,6.44,0.89,1,347178.0
1946.0,5,3.0,0.8,5.15,13.41,1,429707.0
1808.0,3,3.0,0.5,8.46,6.92,1,413314.0
1863.0,6,5.0,12.0,8.47,7.7,1,480953.0
1298.0,5,3.0,8.6,7.38,12.17,1,353081.0
1816.0,2,1.0,27.4,1.95,9.72,1,297168.0
2124.0,5,4.0,2.6,8.55,14.39,1,487941.0
2743.0,2,2.0,0.4,7.04,0.5,0,490903.0
2424.0,4,3.0,8.9,7.27,11.01,0,483602.0
3200.0,3,2.0,4.1,4.27,15.22,1,559502.0
1301.0,5,3.0,0.8,8.91,2.7,1,381703.0
2367.0,5,4.0,19.3,7.53,8.18,0,514836.0
1919.0,4,2.0,1.8,2.01,3.02,0,385268.0
3223.0,4,4.0,14.1,4.67,25.36,0,499589.0
1275.0,3,2.0,4.9,8.98,0.5,1,341668.0
1254.0,2,1.0,2.9,1.42,6.94,1,250384.0
1410.0,3,2.0,,9.65,1.46,0,378306.0
419.0,2,1.0,24.3,7.11,9.96,1,258231.0
1458.0,4,3.0,7.5,6.68,1.55,1,376760.0
1307.0,3,2.0,20.8,3.44,2.15,1,267177.0
1898.0,6,5.0,,3.24,5.46,0,362885.0
2022.0,4,2.0,22.2,9.48,19.71,1,477100.0
3020.0,4,3.0,4.1,3.68,1.9,1,505611.0
2418.0,2,1.0,17.0,7.98,1.25,1,480245.0
1425.0,5,3.0,12.5,4.54,11.38,0,346801.0
1216.0,5,3.0,39.7,2.25,5.56,1,252126.0
2120.0,3,2.0,7.3,1.1,19.42,1,335950.0
942.0,4,3.0,1.0,5.9,1.27,1,305944.0
2990.0,4,3.0,0.3,9.78,8.31,0,609526.0
2567.0,2,2.0,26.3,4.32,2.12,1,455270.0
1495.0,3,2.0,11.2,4.21,1.36,0,312791.0
686.0,3,2.0,22.4,4.1,9.2,1,214942.0
2680.0,2,,4.0,5.68,7.21,1,467531.0
1726.0,3,3.0,6.3,4.97,11.25,1,326310.0
2605.0,2,2.0,0.5,8.92,2.96,1,534948.0
764.0,1,1.0,48.9,5.55,4.75,1,260169.0
1410.0,2,1.0,16.5,5.57,4.16,1,296791.0
1803.0,6,5.0,40.6,2.25,33.13,1,299657.0
1831.0,3,3.0,4.6,9.84,2.77,0,428471.0
1507.0,6,5.0,14.2,3.25,2.79,1,368894.0
2205.0,3,3.0,17.0,1.66,3.5,1,385283.0
1106.0,3,2.0,5.7,6.97,6.65,1,315866.0
1707.0,3,2.0,28.3,6.36,2.33,1,351566.0
1878.0,3,3.0,44.1,4.74,19.75,1,347575.0
2134.0,2,2.0,32.4,4.8,2.47,1,352588.0
2263.0,4,2.0,20.2,8.07,18.09,1,464273.0
1069.0,2,1.0,4.9,2.76,0.87,1,268514.0
803.0,4,2.0,5.0,8.38,8.55,1,279557.0
2630.0,4,3.0,49.6,6.84,19.0,1,434367.0
2016.0,2,2.0,0.2,4.77,1.48,0,427100.0
1313.0,2,2.0,18.9,5.12,27.62,0,250685.0
2808.0,4,3.0,18.4,3.31,4.82,1,505221.0
1875.0,3,2.0,14.6,7.77,23.31,1,394966.0
2567.0,2,1.0,69.2,5.62,9.04,1,416786.0
1844.0,6,4.0,5.6,3.89,2.87,1,411732.0
3139.0,2,2.0,6.2,6.36,1.67,0,520363.0
2941.0,4,4.0,1.2,9.96,2.9,1,613438.0
1638.0,6,5.0,8.8,4.92,0.78,0,377603.0
2432.0,2,1.0,4.5,9.29,1.24,0,464850.0
2219.0,2,2.0,6.3,4.11,0.88,1,417506.0
2690.0,2,2.0,27.0,1.49,4.4,0,393088.0
1173.0,3,3.0,41.1,2.84,12.7,1,238475.0
2246.0,2,1.0,3.1,4.77,1.22,1,388469.0
2488.0,4,3.0,7.0,2.98,1.12,1,484458.0
657.0,2,1.0,39.6,1.0,8.25,0,153108.0
1031.0,3,2.0,1.0,9.24,1.76,1,377652.0
474.0,6,4.0,1.5,8.59,0.82,0,294369.0
1625.0,4,2.0,2.7,7.68,1.46,1,365615.0
2266.0,4,3.0,13.6,2.51,20.59,1,432601.0
2777.0,3,3.0,2.4,2.08,13.78,1,443897.0
1848.0,4,3.0,51.7,1.61,3.5,0,288991.0
2859.0,3,2.0,8.9,7.52,8.53,1,544630.0
903.0,3,3.0,10.4,9.36,6.16,1,363256.0
693.0,2,2.0,4.2,4.87,9.04,0,218280.0
1764.0,5,4.0,9.6,2.07,9.18,1,377966.0
2050.0,3,3.0,16.3,5.61,7.93,1,436933.0
1779.0,2,2.0,20.9,4.14,2.48,0,309143.0
456.0,3,3.0,21.0,4.37,0.5,0,179279.0
1742.0,3,2.0,12.9,6.59,4.86,1,412267.0
952.0,4,3.0,,7.47,17.73,0,213063.0
2235.0,4,2.0,25.5,2.0,6.74,0,363034.0
2038.0,4,2.0,21.2,1.32,14.29,1,300748.0
1189.0,1,1.0,0.9,9.95,38.26,1,306584.0
1466.0,3,2.0,0.1,3.09,1.43,1,307089.0
1112.0,3,3.0,3.6,1.48,9.42,1,232244.0
1759.0,1,1.0,16.3,2.71,8.97,1,290366.0
2421.0,3,2.0,7.9,1.35,31.28,0,325031.0
1159.0,4,4.0,7.7,4.53,33.92,1,330962.0
2128.0,2,2.0,32.4,8.22,9.28,1,480752.0
1455.0,3,2.0,33.9,4.07,2.23,0,267643.0
1285.0,2,2.0,36.0,5.0,12.82,1,317703.0
1730.0,1,1.0,5.7,7.08,0.91,1,372392.0
1127.0,2,1.0,17.6,5.58,12.14,0,268044.0
1440.0,6,5.0,4.8,8.75,19.28,0,399539.0
1021.0,4,3.0,3.2,8.79,3.86,1,338450.0
3077.0,6,4.0,3.1,1.09,7.97,1,526784.0
1823.0,3,3.0,6.3,8.0,4.5,1,431767.0
1345.0,2,2.0,8.4,5.15,4.61,1,302120.0
1939.0,3,2.0,26.7,9.9,2.97,0,413004.0
1727.0,3,2.0,1.9,5.35,11.49,0,334200.0
1656.0,4,2.0,19.9,9.88,22.01,0,359595.0
2199.0,2,2.0,11.4,7.79,22.61,0,423125.0
2292.0,3,2.0,5.1,3.24,1.54,0,372830.0
1455.0,2,1.0,10.2,5.85,16.62,1,310612.0
1426.0,3,3.0,5.3,9.93,10.7,1,437230.0
1621.0,4,3.0,13.6,8.72,2.33,1,451338.0
400.0,3,2.0,8.5,1.88,0.56,0,153549.0
815.0,3,2.0,2.7,7.36,2.5,1,295387.0
2688.0,3,3.0,1.9,4.11,19.46,1,505796.0
2869.0,3,2.0,11.9,1.06,8.02,0,440521.0
1638.0,4,3.0,34.9,4.63,10.21,1,331650.0
2175.0,5,5.0,6.3,3.11,2.38,1,390365.0
2002.0,6,4.0,19.8,8.37,10.17,0,469588.0
3801.0,4,3.0,16.1,4.04,0.5,1,634152.0
2528.0,3,2.0,40.2,8.45,3.76,0,469599.0
1717.0,4,2.0,25.8,1.01,7.88,1,305440.0
1179.0,3,2.0,12.5,3.77,1.26,1,273893.0
756.0,3,2.0,16.1,3.17,13.85,1,201399.0
1932.0,4,2.0,34.3,3.1,2.14,0,285055.0
1308.0,1,1.0,7.7,1.61,8.45,1,233934.0
876.0,5,5.0,5.9,2.68,4.16,1,286011.0
1380.0,3,3.0,0.2,6.0,7.25,1,329982.0
1097.0,4,4.0,26.3,3.62,0.91,1,282428.0
2897.0,4,4.0,24.2,4.76,0.5,1,496917.0
2373.0,5,3.0,1.7,4.39,19.22,1,450593.0
1795.0,4,4.0,12.9,8.88,2.51,1,444455.0
2762.0,4,2.0,9.4,9.15,13.7,1,525113.0
1850.0,2,2.0,,5.44,58.71,1,351306.0
1240.0,3,3.0,59.1,3.97,1.9,1,292866.0
2790.0,2,2.0,3.6,1.96,2.46,1,429966.0
2150.0,4,4.0,1.0,9.58,8.7,1,515125.0
1126.0,3,2.0,13.6,1.54,26.92,1,225222.0
1676.0,4,3.0,20.1,3.68,19.8,1,343552.0
1231.0,1,1.0,0.5,3.68,5.59,1,226578.0
901.0,2,2.0,16.1,3.88,12.68,0,242667.0
2402.0,4,2.0,11.4,2.48,1.17,1,404938.0
3041.0,2,2.0,1.6,8.05,30.33,1,525336.0
891.0,2,2.0,2.8,2.1,26.67,0,246684.0
2166.0,1,1.0,12.6,6.71,1.43,1,431901.0
1377.0,6,5.0,5.3,2.11,2.85,0,303731.0
1483.0,4,4.0,41.8,1.63,0.84,0,223310.0
1415.0,3,3.0,25.6,9.18,2.54,0,412896.0
1238.0,3,3.0,61.6,2.71,13.54,1,201421.0
1832.0,3,2.0,4.5,8.39,3.8,1,407298.0
1260.0,4,4.0,52.5,5.9,0.74,1,311062.0
1976.0,4,4.0,8.5,1.7,3.35,1,400917.0
1767.0,2,1.0,6.4,9.6,31.87,1,414312.0
1645.0,2,1.0,0.8,3.22,7.95,1,312754.0
1210.0,2,2.0,0.8,8.74,4.31,1,364316.0
1425.0,4,2.0,17.7,2.52,1.46,1,283444.0
2291.0,4,3.0,9.2,8.69,34.25,0,459081.0
2126.0,3,2.0,3.9,1.12,13.76,0,338872.0
1165.0,1,1.0,14.3,5.61,2.64,1,309320.0
1865.0,2,2.0,4.4,7.92,0.58,1,449481.0
2288.0,6,5.0,12.9,9.41,0.5,0,542798.0
715.0,3,2.0,6.7,9.18,1.03,0,293233.0
2153.0,4,2.0,26.0,8.38,6.95,1,480619.0
1369.0,4,2.0,25.8,8.99,21.13,1,358093.0
2171.0,3,2.0,9.7,2.79,5.49,1,356922.0
1304.0,2,2.0,6.5,3.56,14.81,1,264089.0
627.0,2,1.0,6.8,3.6,4.72,1,202623.0
742.0,4,3.0,24.6,4.39,9.86,1,258127.0
1831.0,4,2.0,6.0,4.54,10.53,1,369044.0
1969.0,4,3.0,3.5,5.9,1.53,0,387598.0
1212.0,3,3.0,1.3,2.44,3.59,1,277367.0
2215.0,1,1.0,9.4,7.22,8.11,0,424571.0
720.0,6,3.0,9.9,2.51,0.59,0,235043.0
1757.0,4,3.0,27.6,3.79,3.59,1,376882.0
1013.0,3,2.0,3.8,5.53,6.12,1,314368.0
1376.0,6,4.0,7.2,8.17,44.63,1,342944.0
1831.0,4,3.0,24.8,7.66,5.15,0,395073.0
1241.0,3,2.0,26.0,6.81,13.55,1,287160.0
1550.0,4,3.0,7.3,2.4,4.53,1,336704.0
2454.0,4,3.0,9.2,5.92,12.73,1,505752.0
1425.0,4,4.0,5.4,1.79,7.24,0,279991.0
2343.0,2,2.0,40.4,4.4,17.41,1,381927.0
1066.0,3,2.0,1.9,4.72,4.23,1,323160.0
2144.0,5,4.0,40.7,1.36,7.42,0,367009.0
2737.0,2,1.0,17.3,3.47,7.95,1,452427.0
400.0,3,2.0,11.4,9.6,4.32,1,244228.0
1282.0,3,3.0,0.5,9.58,1.25,0,401756.0
2175.0,3,3.0,9.7,4.17,0.79,0,382595.0
1668.0,4,4.0,7.9,1.39,0.5,0,289316.0
2041.0,5,4.0,2.6,2.61,16.54,1,374025.0
1407.0,2,1.0,16.0,4.53,2.16,0,280989.0
1856.0,2,2.0,53.2,9.53,1.9,1,411972.0
1699.0,2,1.0,12.4,2.27,10.66,1,262674.0
2559.0,5,4.0,18.8,7.87,3.09,1,554140.0
1965.0,4,3.0,1.1,1.98,5.64,0,383300.0
2019.0,3,2.0,8.1,9.83,1.42,0,418550.0
1532.0,4,2.0,1.9,4.43,25.7,1,344900.0
1483.0,5,3.0,14.2,7.98,15.26,1,365507.0
1519.0,4,4.0,41.8,4.08,15.95,1,332701.0
2056.0,5,3.0,16.3,6.65,4.18,0,435022.0
1526.0,3,2.0,1.2,2.73,11.5,1,304290.0
1988.0,4,2.0,6.6,2.31,1.24,1,365255.0
3149.0,3,2.0,12.0,9.44,0.5,0,626023.0
2366.0,4,2.0,7.7,9.26,0.5,1,488595.0
1588.0,4,2.0,26.9,8.99,7.07,1,417952.0
2581.0,4,4.0,25.3,6.63,4.86,0,517657.0
1535.0,4,3.0,14.2,8.27,5.84,1,417672.0
475.0,2,2.0,7.0,1.62,0.5,1,220656.0
1145.0,3,2.0,4.4,4.01,4.39,0,260415.0
584.0,6,4.0,1.7,3.82,10.13,1,266199.0
1572.0,5,4.0,6.6,6.72,4.68,1,397184.0
1812.0,1,1.0,8.0,4.2,10.54,1,366880.0
2890.0,2,2.0,16.9,2.34,2.12,0,444933.0
2013.0,2,1.0,16.1,6.37,13.42,1,382563.0
1658.0,4,3.0,1.1,8.33,7.1,1,454327.0
2339.0,4,4.0,7.5,4.44,1.89,1,440192.0
400.0,2,2.0,3.0,2.19,2.16,0,117139.0
1953.0,3,3.0,2.6,2.77,7.91,1,350981.0
2301.0,4,3.0,26.3,3.14,14.17,1,412850.0
839.0,4,4.0,0.6,3.7,4.3,1,297415.0
2543.0,3,2.0,8.1,6.79,2.39,1,496010.0
2020.0,3,2.0,2.8,6.41,16.14,0,434460.0
1530.0,3,2.0,31.7,7.26,8.85,0,312970.0
2211.0,3,2.0,12.2,4.26,4.75,1,399179.0
3276.0,3,2.0,3.9,8.42,5.35,0,587346.0
1918.0,4,3.0,10.5,2.84,1.83,1,368398.0
1961.0,5,5.0,19.7,5.22,7.89,0,409488.0
1501.0,4,2.0,47.6,8.21,3.55,1,389748.0
1248.0,4,2.0,3.7,2.62,43.49,1,225482.0
2340.0,2,1.0,32.6,1.99,5.23,1,369234.0
1244.0,3,3.0,40.8,8.95,5.32,1,350503.0
1847.0,1,1.0,37.2,4.09,6.67,0,292383.0
1490.0,2,1.0,15.1,7.15,19.89,1,331277.0
2111.0,4,4.0,14.9,1.23,12.91,0,345757.0
2017.0,6,5.0,7.7,7.21,4.8,1,468650.0
2474.0,2,1.0,20.9,3.84,10.15,1,411656.0
1468.0,3,3.0,,1.5,7.06,1,284344.0
1625.0,4,4.0,17.0,6.49,5.42,1,376775.0
1164.0,2,2.0,8.4,3.17,1.71,1,297898.0
1511.0,3,2.0,19.7,4.48,4.99,1,295507.0
2045.0,4,4.0,26.1,1.73,2.26,1,346916.0
2292.0,4,3.0,2.4,2.32,19.71,1,461339.0
1201.0,2,1.0,,3.68,3.27,0,224322.0
2365.0,3,2.0,11.7,1.81,24.34,1,334904.0
2681.0,4,2.0,27.9,9.2,6.09,1,555993.0
2069.0,3,2.0,8.5,1.05,7.99,0,281472.0
3020.0,1,1.0,7.1,5.35,6.26,0,488025.0
1297.0,4,2.0,37.0,2.11,1.11,0,309406.0
991.0,1,,4.3,3.77,3.77,1,202702.0
644.0,4,3.0,27.9,9.33,0.84,0,246993.0
2772.0,2,1.0,9.9,2.46,7.8,0,387722.0
2225.0,6,5.0,10.8,9.69,4.74,0,545706.0
1764.0,3,2.0,5.5,2.85,12.04,1,358798.0
1982.0,3,2.0,12.8,7.67,1.99,1,424084.0
1068.0,2,1.0,5.9,5.92,1.44,1,309827.0
3390.0,3,2.0,0.6,8.96,4.17,1,664563.0
1884.0,5,3.0,4.8,5.99,20.89,1,447623.0
1871.0,6,5.0,0.1,5.81,9.91,0,416585.0
2272.0,3,3.0,57.5,2.76,4.34,0,305752.0
2113.0,3,2.0,50.6,2.5,5.83,0,317080.0
1946.0,4,3.0,7.5,9.25,0.7,0,453149.0
1286.0,5,4.0,19.5,3.95,33.37,1,275348.0
2106.0,3,3.0,6.4,4.35,8.78,1,397951.0
3023.0,3,2.0,16.7,7.84,2.69,1,589113.0
2675.0,3,2.0,24.6,4.05,7.05,1,484350.0
2836.0,4,3.0,,9.57,0.93,1,558996.0
1468.0,1,1.0,7.7,7.64,27.01,0,344192.0
1157.0,4,4.0,22.9,6.38,1.54,0,329798.0
1718.0,3,2.0,4.6,8.93,8.35,1,422915.0
1836.0,4,3.0,69.6,1.45,2.25,1,327253.0
2511.0,2,2.0,0.4,3.31,10.11,0,416485.0
700.0,3,3.0,13.9,5.19,12.0,1,289489.0
2794.0,3,3.0,16.2,3.04,8.95,1,423547.0
1697.0,4,4.0,17.5,7.7,7.63,1,398588.0
1523.0,2,1.0,1.9,9.27,17.84,1,377071.0
1142.0,3,2.0,41.8,4.81,0.66,1,288362.0
724.0,3,2.0,3.0,4.08,3.21,0,258151.0
2335.0,3,2.0,14.6,9.65,2.28,1,506893.0
1848.0,4,3.0,3.8,5.0,35.39,0,313481.0
962.0,4,3.0,5.5,5.4,3.95,1,316428.0
958.0,4,2.0,11.9,4.16,10.55,1,278552.0
1582.0,3,3.0,8.1,9.19,9.23,1,362111.0
2885.0,4,3.0,2.6,6.12,1.91,1,541038.0
1631.0,3,3.0,2.8,7.86,2.18,1,368583.0
823.0,2,1.0,8.1,8.31,2.64,1,279688.0
1640.0,2,1.0,21.2,4.08,4.24,1,298585.0
1623.0,3,2.0,34.2,4.9,2.14,1,359403.0
400.0,4,3.0,1.3,8.64,0.5,1,286074.0
1765.0,4,3.0,7.5,4.27,16.92,0,315864.0
1650.0,4,4.0,1.6,8.15,26.96,1,420867.0
2253.0,3,2.0,0.3,9.47,3.34,1,466331.0
3002.0,3,2.0,16.3,6.61,3.31,0,537883.0
2532.0,2,2.0,13.8,7.67,0.5,0,465740.0
1625.0,3,2.0,2.7,8.25,9.12,1,391025.0
1081.0,3,3.0,4.0,8.61,13.96,0,341224.0
3473.0,2,2.0,0.4,4.56,1.27,1,582353.0
1838.0,2,2.0,27.0,1.46,1.39,1,344080.0
1809.0,3,3.0,55.1,4.62,12.49,1,335208.0
1784.0,4,3.0,2.2,7.06,7.66,0,414231.0
1929.0,6,5.0,3.9,5.05,0.5,1,426335.0
1706.0,5,4.0,30.4,7.74,7.79,1,417794.0
1427.0,4,3.0,39.1,4.21,2.96,1,325397.0
1445.0,3,3.0,8.2,6.71,3.68,1,361265.0
1779.0,4,3.0,0.8,2.68,11.75,1,300953.0
1447.0,4,4.0,0.6,7.74,13.33,1,393712.0
1337.0,2,1.0,12.8,5.91,4.09,1,326593.0
1869.0,3,2.0,7.5,2.84,23.52,1,311127.0
1634.0,4,3.0,0.4,3.63,4.17,1,320141.0
2778.0,3,3.0,13.1,7.74,11.82,1,563207.0
400.0,3,3.0,0.2,5.34,5.29,0,222985.0
2509.0,3,3.0,23.2,2.94,18.23,0,392770.0
2610.0,2,2.0,5.5,9.71,19.07,1,490177.0
452.0,3,2.0,0.6,7.44,0.73,1,238024.0
1577.0,3,3.0,13.3,9.61,22.05,1,430597.0
1559.0,1,1.0,7.6,4.84,13.97,1,314804.0
885.0,1,1.0,54.6,5.28,12.54,0,186768.0
1294.0,4,2.0,11.8,9.08,1.79,1,397072.0
1078.0,3,3.0,4.8,5.73,13.08,0,265300.0
2939.0,3,3.0,18.5,7.37,15.18,1,570337.0
2408.0,3,2.0,4.8,3.27,2.73,1,459719.0
2627.0,5,3.0,35.2,5.02,24.34,1,443508.0
2269.0,3,3.0,7.0,2.11,0.5,1,382413.0
1066.0,3,2.0,12.0,2.85,1.3,1,190545.0
1459.0,5,4.0,0.8,1.01,6.17,1,265304.0
2118.0,4,4.0,8.3,1.35,6.86,0,329755.0
1006.0,2,1.0,26.8,9.8,8.29,0,315967.0
2263.0,4,2.0,24.6,3.18,0.5,1,397833.0
1644.0,3,3.0,3.8,6.97,25.82,1,333892.0
1556.0,3,3.0,3.8,8.55,0.5,1,404107.0
2262.0,2,,25.5,5.96,1.24,1,442646.0
2089.0,2,2.0,40.0,2.38,0.5,1,360938.0
1565.0,4,2.0,1.5,7.55,6.69,1,346714.0
2554.0,3,2.0,9.0,6.4,21.54,1,462029.0
1097.0,3,3.0,6.2,7.58,8.77,0,285581.0
2200.0,4,4.0,30.7,7.93,13.84,0,472487.0
2186.0,4,2.0,1.3,9.78,0.5,1,529161.0
1599.0,2,2.0,3.6,6.16,6.25,0,328205.0
2012.0,4,3.0,20.9,4.07,4.92,0,361935.0
987.0,2,1.0,0.8,6.84,5.53,0,273316.0
2401.0,4,2.0,10.2,1.62,0.6,1,351169.0
1680.0,4,4.0,8.8,9.08,9.23,1,441801.0
1460.0,6,3.0,6.1,2.07,5.6,1,312143.0
2482.0,2,1.0,7.5,3.95,11.59,1,443911.0
1342.0,2,1.0,11.3,8.34,5.31,1,326557.0
885.0,3,3.0,2.6,6.38,1.29,1,282162.0
788.0,3,3.0,12.7,4.54,8.36,0,196392.0
2194.0,2,2.0,24.6,5.26,1.51,0,376526.0
968.0,5,3.0,21.4,8.69,16.47,1,299326.0
2941.0,2,2.0,2.5,4.06,7.6,1,514053.0
447.0,3,2.0,2.4,8.83,1.37,1,259459.0
2903.0,4,4.0,4.7,1.79,26.23,1,456037.0
1937.0,3,3.0,6.7,7.99,5.84,1,430763.0
1737.0,4,2.0,7.9,8.63,0.61,0,392687.0
1446.0,2,2.0,17.1,2.64,7.89,0,265125.0
2059.0,3,2.0,0.9,4.87,2.34,0,415879.0
1776.0,1,1.0,0.5,2.49,13.02,0,267266.0
2517.0,2,1.0,7.5,7.36,13.62,1,492853.0
1874.0,5,3.0,17.9,5.82,30.89,0,348125.0
1898.0,2,1.0,3.2,6.72,5.58,0,378793.0
1564.0,3,2.0,15.4,2.77,4.86,1,321372.0
1763.0,3,2.0,4.5,2.91,11.2,1,316407.0
2000.0,3,3.0,32.6,1.37,1.14,0,329635.0
688.0,5,4.0,33.9,3.9,6.33,0,215275.0
924.0,1,1.0,5.3,6.04,6.32,1,266880.0
2283.0,4,4.0,3.9,8.72,0.75,1,454025.0
1911.0,6,4.0,7.9,7.0,4.33,1,406656.0
1680.0,3,2.0,4.1,4.92,15.35,1,363926.0
1812.0,5,4.0,16.7,9.58,15.51,1,478381.0
2026.0,2,1.0,26.2,7.47,0.84,1,396702.0
1449.0,3,2.0,16.8,9.37,0.76,1,391395.0
1294.0,3,2.0,26.1,5.75,2.44,1,324306.0
1927.0,4,4.0,7.6,3.33,16.62,0,376061.0
1164.0,6,,2.5,1.48,1.1,1,241272.0
2065.0,3,3.0,20.1,7.53,10.18,1,413441.0
693.0,4,3.0,6.7,2.09,0.85,0,198213.0
2469.0,2,,16.7,3.72,7.81,1,431346.0
2107.0,3,2.0,4.7,5.79,3.52,0,479141.0
1966.0,3,3.0,1.3,6.08,12.44,1,404771.0
2439.0,6,3.0,73.6,6.41,2.13,1,429865.0
2883.0,4,3.0,2.5,2.5,8.16,1,489093.0
2459.0,3,2.0,66.9,4.42,2.15,1,445703.0
603.0,2,1.0,56.8,6.55,10.0,0,198367.0
968.0,2,2.0,23.7,9.73,16.55,1,291380.0
1394.0,2,1.0,16.2,7.55,1.08,1,374448.0
1817.0,3,2.0,12.9,9.3,16.11,1,441077.0
2136.0,5,3.0,30.2,7.86,7.2,1,436885.0
1328.0,3,3.0,5.1,6.33,1.09,1,358429.0
1921.0,3,2.0,9.5,2.73,4.46,1,379393.0
1309.0,2,1.0,14.5,7.0,1.4,0,352252.0
1403.0,5,4.0,7.9,6.61,9.64,1,369460.0
886.0,4,3.0,8.4,6.42,11.38,1,281987.0
1200.0,2,1.0,6.0,5.41,0.89,1,332109.0
921.0,4,3.0,12.5,5.76,5.64,0,249435.0
1166.0,3,2.0,28.5,4.01,13.48,0,261708.0
2485.0,2,1.0,3.4,5.67,22.01,1,401601.0
1183.0,3,2.0,,2.78,5.76,1,272812.0
3511.0,3,2.0,17.5,8.25,24.01,1,593246.0
2121.0,2,1.0,26.0,2.67,6.14,1,384310.0
1920.0,5,3.0,12.2,1.76,4.01,1,372050.0
1242.0,4,3.0,22.7,4.93,15.08,1,267655.0
2255.0,4,4.0,0.2,6.92,5.43,0,505444.0
1426.0,3,2.0,25.6,4.94,5.11,1,356491.0
1879.0,3,2.0,0.6,3.49,5.39,0,377097.0
3464.0,4,2.0,33.1,6.02,15.01,1,551133.0
1738.0,3,3.0,72.4,4.12,14.27,1,301168.0
2547.0,2,1.0,5.2,9.4,4.13,1,523122.0
1343.0,3,2.0,3.5,9.3,3.24,1,371099.0
1777.0,4,3.0,21.7,5.52,5.42,1,425852.0
2951.0,3,2.0,4.4,3.95,6.8,1,500205.0
1392.0,2,2.0,30.1,7.63,2.18,0,269352.0
2978.0,4,3.0,1.6,1.33,12.64,1,476670.0
2260.0,2,1.0,2.0,5.27,5.33,0,404985.0
1434.0,3,3.0,58.1,4.03,3.25,1,290921.0
2211.0,2,1.0,,9.28,0.9,0,455217.0
2432.0,3,3.0,28.1,1.11,2.18,0,398147.0
2204.0,4,3.0,5.9,5.98,23.85,1,456973.0
779.0,3,2.0,16.9,7.67,2.91,1,295938.0
1327.0,2,1.0,13.5,5.37,1.48,1,302384.0
1639.0,5,3.0,13.9,1.77,4.94,0,312944.0
1752.0,5,4.0,17.2,9.75,2.93,1,463118.0
2203.0,5,5.0,12.8,5.66,0.5,0,435974.0
1916.0,2,2.0,8.4,6.53,3.12,1,419458.0
932.0,3,2.0,4.8,3.13,6.28,1,253840.0
2047.0,6,3.0,22.0,5.35,6.42,1,466565.0
2197.0,4,4.0,3.8,4.86,3.53,1,473403.0
2164.0,1,1.0,17.7,1.67,4.74,1,324331.0
2503.0,2,2.0,4.0,1.96,26.94,1,401422.0
2342.0,3,2.0,14.7,8.54,3.79,1,465947.0
2098.0,5,4.0,20.6,3.16,2.39,1,421350.0
1754.0,3,3.0,3.7,2.75,2.23,1,333031.0
720.0,3,3.0,0.9,5.54,4.9,0,226595.0
2079.0,2,1.0,2.1,7.92,11.4,1,441348.0
1935.0,4,2.0,14.0,1.56,1.85,1,280101.0
1977.0,4,3.0,28.4,6.19,9.88,1,364377.0
970.0,3,2.0,0.7,2.07,0.5,0,226055.0
1097.0,4,3.0,19.9,1.33,4.34,0,233526.0
2485.0,6,5.0,6.3,1.47,11.96,1,425919.0
1774.0,2,1.0,9.8,8.51,3.31,1,372211.0
2243.0,3,3.0,39.6,2.06,6.64,0,336885.0
1818.0,3,2.0,6.1,1.41,1.84,1,337252.0
1819.0,4,3.0,9.4,4.94,10.84,1,395341.0
2410.0,3,3.0,0.2,8.6,0.5,1,515996.0
1465.0,4,2.0,1.3,3.36,15.31,0,327952.0
1862.0,4,2.0,4.5,4.8,1.77,0,392550.0
1500.0,3,2.0,0.4,1.36,16.6,1,255475.0
1518.0,5,3.0,15.0,5.04,3.48,0,342568.0
1599.0,3,3.0,8.3,6.2,10.26,0,321475.0
1944.0,2,2.0,11.9,6.14,3.08,1,397854.0
1489.0,4,3.0,2.9,3.99,18.91,1,348920.0
2616.0,4,3.0,5.3,3.84,1.08,0,481220.0
1219.0,3,2.0,16.4,1.96,1.57,0,282966.0
1679.0,5,4.0,,4.3,5.43,0,331598.0
1514.0,5,3.0,0.8,1.9,0.68,0,347499.0
2741.0,3,2.0,33.2,7.9,1.75,1,514531.0
1928.0,6,5.0,12.9,9.7,23.03,1,511196.0
2471.0,2,2.0,12.4,9.73,30.0,1,484425.0
834.0,2,1.0,10.4,8.79,3.78,1,319817.0
1974.0,2,2.0,1.1,6.41,20.54,1,430518.0
2378.0,5,3.0,1.4,7.31,6.3,0,486769.0
1853.0,4,2.0,,3.57,2.51,1,372096.0
2493.0,2,,6.3,6.68,9.7,1,502095.0
1464.0,3,3.0,37.4,5.1,8.6,1,315084.0
2716.0,4,2.0,7.8,5.34,36.17,0,416878.0
3294.0,2,1.0,2.3,7.82,2.46,1,642841.0
1564.0,5,3.0,18.8,3.54,8.92,1,322022.0
1510.0,4,3.0,5.2,3.86,0.5,1,346430.0
2745.0,3,2.0,11.2,9.32,0.97,0,574224.0
2827.0,6,3.0,18.0,1.51,0.5,1,458214.0
1460.0,3,2.0,34.6,5.37,60.0,1,231834.0
1527.0,6,5.0,23.6,9.22,12.97,1,431096.0
1617.0,4,3.0,16.9,6.49,12.36,1,328606.0
926.0,4,3.0,17.1,5.92,5.7,0,272613.0
1203.0,2,1.0,43.8,3.25,2.85,0,240505.0
1147.0,5,5.0,5.3,4.09,1.31,1,312539.0
1301.0,3,,0.0,8.67,2.68,1,343326.0
1777.0,2,2.0,4.8,6.03,3.77,0,412260.0
1952.0,1,1.0,3.7,5.63,11.29,1,378582.0
2808.0,3,3.0,16.3,1.9,6.21,1,482956.0
1151.0,3,2.0,15.1,1.14,0.65,0,222978.0
2440.0,4,2.0,13.5,9.67,0.5,1,509174.0
1661.0,5,4.0,0.2,4.39,0.86,1,390748.0
1768.0,2,2.0,19.6,6.43,4.23,1,372364.0
2239.0,4,3.0,5.9,1.72,21.65,1,342459.0
1070.0,2,2.0,16.4,7.15,8.12,1,338810.0
2049.0,5,3.0,12.2,9.39,12.95,0,453310.0
1908.0,4,3.0,6.3,6.18,5.02,1,372885.0
2120.0,3,3.0,2.2,2.14,3.59,0,403031.0
1988.0,4,3.0,1.5,6.24,0.92,1,424486.0
3396.0,3,2.0,26.7,7.9,16.7,0,558712.0
1385.0,3,2.0,37.6,4.66,12.23,1,248760.0
1455.0,4,3.0,15.7,8.92,1.47,1,447674.0
1395.0,3,3.0,1.6,6.84,5.74,1,328855.0
1439.0,3,2.0,,9.09,5.35,0,383490.0
1386.0,3,3.0,19.6,6.61,7.85,1,366106.0
2573.0,4,3.0,22.7,2.18,23.38,1,417337.0
2723.0,3,2.0,1.9,3.79,6.94,1,466661.0
1429.0,2,1.0,0.0,2.82,6.22,0,234723.0
1259.0,4,3.0,18.7,9.18,0.5,1,363717.0
2106.0,4,3.0,6.6,7.84,0.52,1,477527.0
1441.0,2,1.0,4.4,7.09,1.66,0,325926.0
2211.0,2,2.0,0.2,3.71,0.5,1,411366.0
1932.0,2,2.0,11.7,2.66,10.88,1,354666.0
815.0,3,2.0,28.6,7.81,10.28,1,303477.0
2806.0,3,3.0,47.4,5.27,1.17,1,454206.0
2967.0,4,3.0,12.5,3.03,14.47,1,538609.0
1402.0,4,3.0,10.8,6.55,1.35,1,384517.0
1548.0,4,2.0,1.3,1.36,2.87,1,303921.0
1986.0,3,2.0,11.9,3.94,2.29,1,408656.0
2017.0,4,3.0,,5.22,3.73,1,477705.0
2228.0,3,2.0,14.0,2.33,2.35,1,349143.0
3107.0,6,4.0,7.4,9.86,5.37,0,622218.0
1685.0,4,4.0,4.1,2.88,4.19,1,290469.0
1281.0,2,1.0,1.5,2.17,34.48,1,229871.0
903.0,4,4.0,5.7,2.83,0.5,0,258021.0
1325.0,3,2.0,1.5,7.92,1.23,0,358445.0
1778.0,4,3.0,2.9,4.83,0.5,1,374144.0
2966.0,2,1.0,65.5,6.09,7.86,1,428310.0
1464.0,2,1.0,8.8,1.19,0.5,1,277916.0
1945.0,5,,11.4,1.31,14.48,1,380277.0
1789.0,2,1.0,31.0,5.01,5.74,0,320628.0
2572.0,4,2.0,81.3,8.35,5.99,1,490985.0
3443.0,3,2.0,13.1,8.97,6.6,1,586622.0
1455.0,4,4.0,25.1,1.78,1.5,1,307865.0
1482.0,4,4.0,5.9,5.85,1.76,0,351990.0
2479.0,3,3.0,5.5,9.22,3.07,1,508700.0
2243.0,3,2.0,7.7,4.49,7.2,0,388275.0
3000.0,2,1.0,16.7,8.47,1.89,1,545883.0
2180.0,1,1.0,17.2,2.2,0.99,1,365652.0
1566.0,3,2.0,5.7,9.42,28.08,1,353341.0
2184.0,4,3.0,2.1,7.76,0.5,0,463699.0
2521.0,5,4.0,15.0,9.47,12.98,1,538935.0
2333.0,5,3.0,2.1,7.09,12.41,1,457736.0
2130.0,4,3.0,13.0,4.27,2.82,1,460382.0
2493.0,4,,17.7,9.44,1.17,1,519478.0
2560.0,4,4.0,18.1,3.48,1.26,1,442306.0
2698.0,3,2.0,21.0,3.99,9.56,1,429115.0
2222.0,5,5.0,30.9,7.31,8.24,1,517725.0
1691.0,4,4.0,10.4,7.89,12.21,1,426211.0
1895.0,3,2.0,19.7,9.36,22.18,0,390092.0
2584.0,2,1.0,14.5,2.84,9.42,1,441420.0
1269.0,3,2.0,3.1,8.18,1.36,1,370540.0
2040.0,3,3.0,0.4,7.65,2.23,0,451979.0
1544.0,5,5.0,5.0,1.57,14.77,1,304581.0
1819.0,3,,8.8,4.49,1.88,1,353260.0
2631.0,3,2.0,14.4,3.54,0.6,1,461974.0
1924.0,6,5.0,28.5,3.74,9.72,1,377649.0
1830.0,2,2.0,3.3,9.85,4.12,0,481828.0
916.0,3,2.0,2.0,6.78,20.21,1,248515.0
2285.0,1,1.0,49.6,7.46,8.4,0,447624.0
2220.0,4,3.0,1.7,9.79,0.76,1,515469.0
3206.0,5,5.0,9.8,4.39,23.63,0,538918.0
1600.0,3,3.0,13.2,8.22,2.39,0,414271.0
1942.0,5,4.0,11.7,4.91,3.29,1,400035.0
1962.0,3,2.0,1.3,8.83,4.12,1,477695.0
2825.0,5,4.0,0.9,2.63,0.5,1,429613.0
1738.0,4,2.0,1.7,9.53,5.49,1,427914.0
1981.0,4,3.0,13.2,2.97,1.05,0,347005.0
2195.0,1,1.0,11.8,3.94,4.1,0,342124.0
1921.0,6,5.0,4.0,7.81,3.46,1,468725.0
1510.0,4,2.0,15.2,4.54,11.86,0,327611.0
1926.0,3,2.0,25.7,6.47,13.0,1,408773.0
2498.0,4,2.0,0.6,5.0,1.33,1,480802.0
1133.0,3,2.0,10.3,7.68,3.65,1,317922.0
1886.0,5,4.0,17.5,3.05,3.74,1,386414.0
1345.0,2,2.0,4.4,1.53,1.31,1,269196.0
2577.0,4,3.0,5.5,3.7,12.81,1,476418.0
810.0,3,2.0,14.3,5.27,9.83,0,259295.0
1437.0,2,1.0,34.2,2.51,1.69,0,259282.0
2045.0,2,1.0,24.9,4.19,3.65,1,347560.0
2818.0,1,1.0,13.1,4.6,0.89,1,454836.0
1757.0,3,3.0,19.7,1.52,7.92,1,297585.0
1439.0,3,2.0,6.8,6.25,1.04,1,347232.0
3023.0,3,2.0,15.4,8.96,34.11,0,537664.0
859.0,3,2.0,9.4,2.37,12.14,1,230205.0
400.0,3,2.0,3.2,6.38,3.96,1,229781.0
2086.0,4,3.0,18.1,6.98,6.91,0,433281.0
1474.0,1,1.0,12.2,4.77,19.38,1,294455.0
1136.0,5,3.0,6.7,7.31,6.46,0,326344.0
2260.0,5,3.0,36.3,4.7,1.53,1,409918.0
1958.0,4,3.0,0.3,5.54,3.81,1,376497.0
1433.0,3,2.0,5.7,1.07,14.82,1,243417.0
968.0,5,3.0,0.9,7.23,8.27,1,340899.0
2367.0,2,2.0,21.8,6.95,8.42,1,433570.0
2223.0,2,2.0,18.2,1.35,16.13,1,336701.0
1736.0,2,2.0,6.0,4.31,17.95,1,345473.0
3000.0,4,3.0,16.9,9.81,20.19,1,592868.0
1104.0,1,1.0,7.6,4.79,0.8,1,244851.0
808.0,3,2.0,21.2,5.52,6.28,0,268452.0
1350.0,6,5.0,9.1,9.19,10.79,1,442656.0
1770.0,5,4.0,8.0,7.46,11.32,0,387667.0
1958.0,3,2.0,40.9,6.24,7.47,0,358442.0
1643.0,2,2.0,4.3,8.18,1.46,1,431313.0
2029.0,4,3.0,1.9,8.78,12.77,1,461996.0
986.0,3,3.0,13.2,5.11,10.19,0,208436.0
2738.0,2,2.0,52.3,5.28,0.72,1,426539.0
1747.0,2,2.0,7.1,4.47,4.99,1,346220.0
2526.0,5,3.0,1.0,9.7,1.53,1,532167.0
2023.0,4,3.0,6.2,7.27,3.29,0,430832.0
2097.0,4,2.0,10.6,1.75,0.5,1,373726.0
2170.0,5,,2.6,8.77,4.09,1,536999.0
2091.0,3,2.0,16.1,5.33,6.39,1,400213.0
2218.0,3,3.0,91.4,1.62,7.73,0,342080.0
2664.0,3,2.0,9.0,5.95,8.71,0,512740.0
1928.0,3,2.0,6.6,4.75,14.48,1,411188.0
2261.0,3,3.0,7.7,8.9,1.94,1,503980.0
1742.0,4,2.0,1.8,2.84,1.03,0,292124.0
2736.0,4,3.0,32.2,8.44,15.26,0,525780.0
1360.0,5,4.0,8.0,6.02,1.36,1,393282.0
2971.0,3,2.0,7.3,1.49,29.43,0,421089.0
1774.0,4,4.0,16.2,9.75,14.79,1,487234.0
870.0,4,2.0,8.8,5.61,5.56,0,290176.0
1883.0,3,2.0,15.7,3.62,31.89,0,330801.0
1357.0,4,,1.0,5.22,0.82,1,373853.0
2346.0,2,2.0,25.2,8.72,2.89,1,488124.0
1376.0,3,3.0,42.3,3.74,8.13,1,222780.0
1510.0,2,1.0,15.7,2.73,3.45,1,277178.0
572.0,3,2.0,46.4,2.16,21.09,1,171838.0
1506.0,3,3.0,2.5,3.68,0.54,1,312612.0
400.0,4,3.0,9.7,8.02,6.38,0,246226.0
770.0,6,5.0,13.8,5.24,7.15,1,261137.0
2294.0,4,4.0,13.1,3.05,8.46,1,459622.0
2311.0,4,4.0,7.7,2.5,2.36,1,461311.0
2077.0,3,2.0,6.2,3.99,3.63,0,362941.0
1171.0,4,3.0,2.0,9.46,14.85,1,374111.0
1769.0,2,2.0,7.5,4.09,1.73,1,336019.0
1798.0,3,2.0,2.7,9.89,14.03,1,455056.0
1047.0,3,2.0,19.9,5.37,6.62,0,283026.0
2777.0,3,3.0,3.5,2.61,11.49,0,465848.0
2370.0,1,1.0,0.9,9.02,10.0,1,488489.0
1656.0,2,1.0,12.1,5.14,1.86,0,410831.0
1817.0,3,2.0,13.6,7.39,6.73,1,380989.0
1935.0,6,4.0,30.8,9.85,16.18,1,427375.0
473.0,3,3.0,12.9,1.45,4.53,0,144516.0
1639.0,3,3.0,6.4,1.87,27.19,1,248130.0
1357.0,2,1.0,24.4,7.48,4.81,1,298356.0
1149.0,4,2.0,11.7,3.54,1.23,1,259414.0
1617.0,3,3.0,1.2,2.66,3.95,0,294420.0
2968.0,2,1.0,12.5,1.35,24.24,0,387067.0
2217.0,3,2.0,35.8,1.2,3.08,1,365717.0
1429.0,1,1.0,7.6,7.97,16.21,0,317360.0
2172.0,1,1.0,5.3,2.21,17.05,1,338704.0
